<?xml version="1.0" encoding="UTF-8"?>
<project-private xmlns="http://www.netbeans.org/ns/project-private/1">
    <editor-bookmarks xmlns="http://www.netbeans.org/ns/editor-bookmarks/2" lastBookmarkId="0"/>
    <open-files xmlns="http://www.netbeans.org/ns/projectui-open-files/2">
        <group>
            <file>file:/C:/Users/pc/Documents/NetBeansProjects/PharmacyStockManagementSystem/src/pharmacystockmanagementsystem/Category.java</file>
            <file>file:/C:/Users/pc/Documents/NetBeansProjects/PharmacyStockManagementSystem/src/pharmacystockmanagementsystem/2222.png</file>
            <file>file:/C:/Users/pc/Documents/NetBeansProjects/PharmacyStockManagementSystem/src/pharmacystockmanagementsystem/PharmacyStockManagementSystem.java</file>
            <file>file:/C:/Users/pc/Documents/NetBeansProjects/PharmacyStockManagementSystem/src/pharmacystockmanagementsystem/Login.java</file>
            <file>file:/C:/Users/pc/Documents/NetBeansProjects/PharmacyStockManagementSystem/src/pharmacystockmanagementsystem/112.jpg</file>
        </group>
    </open-files>
</project-private>
